participant_id,condition,mc_score,mc_total,mc_percentage,rimms_attention,rimms_relevance,rimms_confidence,rimms_satisfaction,rimms_overall
010,conversational,0,0,0,2.6666666666666665,3.3333333333333335,2.3333333333333335,2.3333333333333335,2.666666666666667
010,flashcard,0,0,0,3.6666666666666665,3.6666666666666665,3.6666666666666665,3.6666666666666665,3.6666666666666665
