{
  "participantId": "010",
  "condition": "conversational",
  "responses": {
    "A1": 3,
    "A2": 2,
    "A3": 3,
    "R1": 3,
    "R2": 3,
    "R3": 4,
    "C1": 2,
    "C2": 2,
    "C3": 3,
    "S1": 2,
    "S2": 3,
    "S3": 2
  },
  "timestamp": "2025-06-28T09:50:52.334Z",
  "scores": {
    "attention": 2.6666666666666665,
    "relevance": 3.3333333333333335,
    "confidence": 2.3333333333333335,
    "satisfaction": 2.3333333333333335
  }
}