participant_id,condition,mc_score,mc_total,mc_percentage,rimms_attention,rimms_relevance,rimms_confidence,rimms_satisfaction,rimms_overall
006,conversational,6,10,60.0,4.666666666666667,4.333333333333333,3.3333333333333335,4.333333333333333,4.166666666666667
006,flashcard,3,10,30.0,2.0,4.0,3.3333333333333335,3.0,3.0833333333333335
