{
  "participantId": "006",
  "condition": "conversational",
  "responses": {
    "A1": 5,
    "A2": 4,
    "A3": 5,
    "R1": 5,
    "R2": 4,
    "R3": 4,
    "C1": 2,
    "C2": 4,
    "C3": 4,
    "S1": 4,
    "S2": 5,
    "S3": 4
  },
  "timestamp": "2025-07-14T04:56:42.751Z",
  "scores": {
    "attention": 4.666666666666667,
    "relevance": 4.333333333333333,
    "confidence": 3.3333333333333335,
    "satisfaction": 4.333333333333333
  }
}