{
  "participantId": "004",
  "condition": "flashcard",
  "responses": {
    "A1": 5,
    "A2": 5,
    "A3": 4,
    "R1": 5,
    "R2": 5,
    "R3": 5,
    "C1": 5,
    "C2": 4,
    "C3": 3,
    "S1": 5,
    "S2": 4,
    "S3": 5
  },
  "timestamp": "2025-06-24T21:45:12.138Z",
  "scores": {
    "attention": 4.666666666666667,
    "relevance": 5,
    "confidence": 4,
    "satisfaction": 4.666666666666667
  }
}