{
  "participantId": "012",
  "condition": "conversational",
  "responses": {
    "A1": 3,
    "A2": 4,
    "A3": 3,
    "R1": 4,
    "R2": 3,
    "R3": 4,
    "C1": 3,
    "C2": 3,
    "C3": 4,
    "S1": 3,
    "S2": 4,
    "S3": 3
  },
  "timestamp": "2025-06-30T13:50:22.001Z",
  "scores": {
    "attention": 3.3333333333333335,
    "relevance": 3.6666666666666665,
    "confidence": 3.3333333333333335,
    "satisfaction": 3.3333333333333335
  }
}