{
  "participantId": "002",
  "condition": "flashcard",
  "responses": {
    "A1": 3,
    "A2": 3,
    "A3": 2,
    "R1": 1,
    "R2": 5,
    "R3": 3,
    "C1": 4,
    "C2": 3,
    "C3": 3,
    "S1": 1,
    "S2": 1,
    "S3": 2
  },
  "timestamp": "2025-06-24T13:52:52.738Z",
  "scores": {
    "attention": 2.6666666666666665,
    "relevance": 3,
    "confidence": 3.3333333333333335,
    "satisfaction": 1.3333333333333333
  }
}