participant_id,condition,mc_score,mc_total,mc_percentage,rimms_attention,rimms_relevance,rimms_confidence,rimms_satisfaction,rimms_overall
005,conversational,6,10,60.0,5.0,4.333333333333333,4.666666666666667,4.666666666666667,4.666666666666667
005,flashcard,6,10,60.0,2.3333333333333335,4.666666666666667,3.3333333333333335,3.0,3.3333333333333335
