participant_id,condition,mc_score,mc_total,mc_percentage,rimms_attention,rimms_relevance,rimms_confidence,rimms_satisfaction,rimms_overall
011,conversational,0,0,0,4.666666666666667,4.666666666666667,4.333333333333333,4.666666666666667,4.583333333333334
011,flashcard,0,0,0,1.6666666666666667,3.3333333333333335,2.3333333333333335,1.6666666666666667,2.25
