{
  "participantId": "003",
  "condition": "flashcard",
  "responses": {
    "A1": 1,
    "A2": 2,
    "A3": 1,
    "R1": 4,
    "R2": 4,
    "R3": 4,
    "C1": 5,
    "C2": 2,
    "C3": 3,
    "S1": 2,
    "S2": 2,
    "S3": 1
  },
  "timestamp": "2025-06-24T15:32:44.144Z",
  "scores": {
    "attention": 1.3333333333333333,
    "relevance": 4,
    "confidence": 3.3333333333333335,
    "satisfaction": 1.6666666666666667
  }
}