{
  "participantId": "420",
  "condition": "conversational",
  "responses": {
    "A1": 5,
    "A2": 3,
    "A3": 4,
    "R1": 2,
    "R2": 4,
    "R3": 5,
    "C1": 2,
    "C2": 3,
    "C3": 1,
    "S1": 3,
    "S2": 4,
    "S3": 1
  },
  "timestamp": "2025-06-24T12:24:47.450Z",
  "scores": {
    "attention": 4,
    "relevance": 3.6666666666666665,
    "confidence": 2,
    "satisfaction": 2.6666666666666665
  }
}