{
  "participantId": "008",
  "condition": "conversational",
  "responses": {
    "A1": 4,
    "A2": 4,
    "A3": 3,
    "R1": 4,
    "R2": 4,
    "R3": 4,
    "C1": 3,
    "C2": 4,
    "C3": 4,
    "S1": 4,
    "S2": 3,
    "S3": 4
  },
  "timestamp": "2025-06-26T12:49:52.891Z",
  "scores": {
    "attention": 3.6666666666666665,
    "relevance": 4.0,
    "confidence": 3.6666666666666665,
    "satisfaction": 3.6666666666666665
  }
}