{
  "participantId": "001",
  "condition": "conversational",
  "responses": {
    "A1": 5,
    "A2": 4,
    "A3": 4,
    "R1": 3,
    "R2": 5,
    "R3": 5,
    "C1": 2,
    "C2": 4,
    "C3": 5,
    "S1": 5,
    "S2": 5,
    "S3": 5
  },
  "timestamp": "2025-06-24T13:03:05.864Z",
  "scores": {
    "attention": 4.333333333333333,
    "relevance": 4.333333333333333,
    "confidence": 3.6666666666666665,
    "satisfaction": 5
  }
}