{
  "participantId": "011",
  "condition": "conversational",
  "responses": {
    "A1": 5,
    "A2": 5,
    "A3": 4,
    "R1": 5,
    "R2": 4,
    "R3": 5,
    "C1": 4,
    "C2": 5,
    "C3": 4,
    "S1": 5,
    "S2": 4,
    "S3": 5
  },
  "timestamp": "2025-06-29T07:36:02.778Z",
  "scores": {
    "attention": 4.666666666666667,
    "relevance": 4.666666666666667,
    "confidence": 4.333333333333333,
    "satisfaction": 4.666666666666667
  }
}