participant_id,condition,mc_score,mc_total,mc_percentage,rimms_attention,rimms_relevance,rimms_confidence,rimms_satisfaction,rimms_overall
007,conversational,0,0,0,5.0,4.666666666666667,4.666666666666667,4.666666666666667,4.750000000000001
007,flashcard,0,0,0,1.6666666666666667,3.6666666666666665,2.3333333333333335,1.6666666666666667,2.333333333333333
