{
  "participantId": "005",
  "condition": "flashcard",
  "responses": {
    "A1": 2,
    "A2": 2,
    "A3": 3,
    "R1": 5,
    "R2": 5,
    "R3": 4,
    "C1": 4,
    "C2": 2,
    "C3": 4,
    "S1": 3,
    "S2": 3,
    "S3": 3
  },
  "timestamp": "2025-06-24T23:08:42.490Z",
  "scores": {
    "attention": 2.3333333333333335,
    "relevance": 4.666666666666667,
    "confidence": 3.3333333333333335,
    "satisfaction": 3
  }
}