{
  "participantId": "002",
  "condition": "conversational",
  "responses": {
    "A1": 1,
    "A2": 3,
    "A3": 2,
    "R1": 1,
    "R2": 5,
    "R3": 4,
    "C1": 2,
    "C2": 3,
    "C3": 2,
    "S1": 1,
    "S2": 3,
    "S3": 2
  },
  "timestamp": "2025-06-24T14:00:49.565Z",
  "scores": {
    "attention": 2,
    "relevance": 3.3333333333333335,
    "confidence": 2.3333333333333335,
    "satisfaction": 2
  }
}